Size,Execution Time
2,0.000000
4,0.000000
8,0.000000
16,0.000000
32,0.002000
64,0.041000
128,0.058000
256,0.061000
