Size,Execution Time
2,0.002000
4,0.001000
